province_code,province_name,city_name,city_code,Latitude,Longitude,city_name_zh,city_name_zh2,province_name_zh,province_name_en,,,,,,,
110000 ,Beijing,Beijing,110000,39.9167 ,116.3833 ,北京,北京,北京,Beijing Municipality,,,,,,,
120000 ,Tianjing,Tianjing,120000,39.1333 ,117.1833 ,天津,天津,天津,Tianjin Municipality,,,,,,,
130000 ,Hebei Province,Shijiazhuang,130100,38.0428 ,114.5149 ,石家庄,石家庄,河北,Hebei Province,,,,,,,
130000 ,Hebei Province,Tangshan,130200,39.6333 ,118.1833 ,唐山,唐山,河北,Hebei Province,,,,,,,
130000 ,Hebei Province,Qinhuangdao,130300,39.9317 ,119.5883 ,秦皇岛,秦皇岛,河北,Hebei Province,,,,,,,
130000 ,Hebei Province,Handan,130400,36.6006 ,114.4678 ,邯郸,邯郸,河北,Hebei Province,,,,,,,
130000 ,Hebei Province,Xingtai,130500,37.0631 ,114.4942 ,邢台,邢台,河北,Hebei Province,,,,,,,
130000 ,Hebei Province,Baoding,130600,38.8511 ,115.4903 ,保定,保定,河北,Hebei Province,,,,,,,
130000 ,Hebei Province,Zhangjiakou,130700,40.8100 ,114.8794 ,张家口,张家口,河北,Hebei Province,,,,,,,
130000 ,Hebei Province,Chengde,130800,40.9725 ,117.9361 ,承德,承德,河北,Hebei Province,,,,,,,
130000 ,Hebei Province,Cangzhou,130900,38.3167 ,116.8667 ,沧州,沧州,河北,Hebei Province,,,,,,,
130000 ,Hebei Province,Langfang,131000,39.5097 ,116.6947 ,廊坊,廊坊,河北,Hebei Province,,,,,,,
130000 ,Hebei Province,Hengshui,131100,37.7322 ,115.6702 ,衡水,衡水,河北,Hebei Province,,,,,,,
140000 ,Shanxi Province,Taiyuan,140100,37.8715 ,112.5512 ,太原,太原,山西,Shanxi Province,,,,,,,
140000 ,Shanxi Province,Datong,140200,40.0833 ,113.3000 ,大同,大同,山西,Shanxi Province,,,,,,,
140000 ,Shanxi Province,Yangquan,140300,37.8575 ,113.5633 ,阳泉,阳泉,山西,Shanxi Province,,,,,,,
140000 ,Shanxi Province,Changzhi,140400,35.2089 ,111.7389 ,长治,长治,山西,Shanxi Province,,,,,,,
140000 ,Shanxi Province,Jincheng,140500,35.5022 ,112.8328 ,晋城,晋城,山西,Shanxi Province,,,,,,,
140000 ,Shanxi Province,Shuozhou,140600,39.3316 ,112.4328 ,朔州,朔州,山西,Shanxi Province,,,,,,,
140000 ,Shanxi Province,Jinzhong,140700,37.6833 ,112.7333 ,晋中,晋中,山西,Shanxi Province,,,,,,,
140000 ,Shanxi Province,Yuncheng,140800,35.0264 ,111.0075 ,运城,运城,山西,Shanxi Province,,,,,,,
140000 ,Shanxi Province,Xinzhou,140900,38.4092 ,112.7333 ,忻州,忻州,山西,Shanxi Province,,,,,,,
140000 ,Shanxi Province,Linfen,141000,36.0880 ,111.5190 ,临汾,临汾,山西,Shanxi Province,,,,,,,
140000 ,Shanxi Province,lvliang,141100,37.5183 ,111.1443 ,吕梁,吕梁,山西,Shanxi Province,,,,,,,
150000 ,Inner Mongolia Autonomous Region,Huhehaote,150100,40.8106 ,111.6522 ,呼和浩特,呼和浩特,内蒙古,Inner Mongolia Autonomous Region,,,,,,,
150000 ,Inner Mongolia Autonomous Region,Baotou,150200,40.6500 ,109.8333 ,包头,包头,内蒙古,Inner Mongolia Autonomous Region,,,,,,,
150000 ,Inner Mongolia Autonomous Region,Wuhai,150300,39.8634 ,106.8146 ,乌海,乌海,内蒙古,Inner Mongolia Autonomous Region,,,,,,,
150000 ,Inner Mongolia Autonomous Region,Chifeng,150400,42.2596 ,118.8886 ,赤峰,赤峰,内蒙古,Inner Mongolia Autonomous Region,,,,,,,
150000 ,Inner Mongolia Autonomous Region,Tongliao,150500,43.6125 ,122.2653 ,通辽,通辽,内蒙古,Inner Mongolia Autonomous Region,,,,,,,
150000 ,Inner Mongolia Autonomous Region,Eerduosi,150600,39.6086 ,109.7816 ,鄂尔多斯,鄂尔多斯,内蒙古,Inner Mongolia Autonomous Region,,,,,,,
150000 ,Inner Mongolia Autonomous Region,Hulunbeier,150700,49.2116 ,119.7657 ,呼伦贝尔,呼伦贝尔,内蒙古,Inner Mongolia Autonomous Region,,,,,,,
150000 ,Inner Mongolia Autonomous Region,Bayanzhouer,150800,40.7432 ,107.3877 ,巴彦淖尔,巴彦淖尔,内蒙古,Inner Mongolia Autonomous Region,,,,,,,
150000 ,Inner Mongolia Autonomous Region,Wulanchabu,150900,40.9930 ,113.1330 ,乌兰察布,乌兰察布,内蒙古,Inner Mongolia Autonomous Region,,,,,,,
150000 ,Inner Mongolia Autonomous Region,Xinganmeng,152200,47.5100 ,122.4800 ,兴安盟,兴安盟,内蒙古,Inner Mongolia Autonomous Region,,,,,,,
150000 ,Inner Mongolia Autonomous Region,Alashanmeng,152900,38.8519 ,105.7290 ,阿拉善盟,阿拉善盟,内蒙古,Inner Mongolia Autonomous Region,,,,,,,
150000 ,Inner Mongolia Autonomous Region,Xilin,152500,43.9353 ,116.0514 ,锡林郭勒盟,锡林郭勒盟,内蒙古,Inner Mongolia Autonomous Region,,,,,,,
210000 ,Liaoning Province,Shenyang,210100,41.8000 ,123.4000 ,沈阳,沈阳,辽宁,Liaoning Province,,,,,,,
210000 ,Liaoning Province,Dalian,210200,38.9122 ,121.6022 ,大连,大连,辽宁,Liaoning Province,,,,,,,
210000 ,Liaoning Province,Anshan,210300,41.1236 ,122.9900 ,鞍山,鞍山,辽宁,Liaoning Province,,,,,,,
210000 ,Liaoning Province,Fushun,210400,41.8667 ,123.9000 ,抚顺,抚顺,辽宁,Liaoning Province,,,,,,,
210000 ,Liaoning Province,Benxi,210500,41.2886 ,123.7650 ,本溪,本溪,辽宁,Liaoning Province,,,,,,,
210000 ,Liaoning Province,Dandong,210600,40.1292 ,124.3947 ,丹东,丹东,辽宁,Liaoning Province,,,,,,,
210000 ,Liaoning Province,Jinzhou,210700,41.1078 ,121.1417 ,锦州,锦州,辽宁,Liaoning Province,,,,,,,
210000 ,Liaoning Province,Yingkou,210800,40.6648 ,122.2283 ,营口,营口,辽宁,Liaoning Province,,,,,,,
210000 ,Liaoning Province,Fuxin,210900,42.0156 ,121.6590 ,阜新,阜新,辽宁,Liaoning Province,,,,,,,
210000 ,Liaoning Province,Liaoyang,211000,41.2790 ,123.1760 ,辽阳,辽阳,辽宁,Liaoning Province,,,,,,,
210000 ,Liaoning Province,Panjin,211100,41.1167 ,122.0500 ,盘锦,盘锦,辽宁,Liaoning Province,,,,,,,
210000 ,Liaoning Province,Tieling,211200,42.2931 ,123.8414 ,铁岭,铁岭,辽宁,Liaoning Province,,,,,,,
210000 ,Liaoning Province,Chaoyang ,211300,41.5703 ,120.4586 ,朝阳,朝阳,辽宁,Liaoning Province,,,,,,,
210000 ,Liaoning Province,Huludao,211400,40.6556 ,120.9990 ,葫芦岛,葫芦岛,辽宁,Liaoning Province,,,,,,,
220000 ,Jilin Province,Changchun,220100,43.8800 ,125.3228 ,长春,长春,吉林,Jilin Province,,,,,,,
220000 ,Jilin Province,Jilin,220200,43.8508 ,126.5603 ,吉林,吉林,吉林,Jilin Province,,,,,,,
220000 ,Jilin Province,Siping,220300,43.1580 ,124.3506 ,四平,四平,吉林,Jilin Province,,,,,,,
220000 ,Jilin Province,Liaoyuan,220400,42.9036 ,125.1358 ,辽源,辽源,吉林,Jilin Province,,,,,,,
220000 ,Jilin Province,Tonghua,220500,41.7283 ,125.9397 ,通化,通化,吉林,Jilin Province,,,,,,,
220000 ,Jilin Province,Baishan,220600,41.9385 ,126.4197 ,白山,白山,吉林,Jilin Province,,,,,,,
220000 ,Jilin Province,Songyuan,220700,45.1411 ,124.8251 ,松原,松原,吉林,Jilin Province,,,,,,,
220000 ,Jilin Province,Baicheng,220800,45.6190 ,122.8387 ,白城,白城,吉林,Jilin Province,,,,,,,
220000 ,Jilin Province,Yanbian,222400,42.8912 ,129.5089 ,延边朝鲜族自治州,延边,吉林,Jilin Province,,,,,,,
230000 ,Heilongjiang Province,Haerbin,230100,45.8022 ,126.5350 ,哈尔滨,哈尔滨,黑龙江,Heilongjiang Province,,,,,,,
230000 ,Heilongjiang Province,Qiqihaer,230200,47.3543 ,123.9175 ,齐齐哈尔,齐齐哈尔,黑龙江,Heilongjiang Province,,,,,,,
230000 ,Heilongjiang Province,Jixi,230300,45.2938 ,131.0210 ,鸡西,鸡西,黑龙江,Heilongjiang Province,,,,,,,
230000 ,Heilongjiang Province,Hegang,230400,47.3321 ,130.2979 ,鹤岗,鹤岗,黑龙江,Heilongjiang Province,,,,,,,
230000 ,Heilongjiang Province,Shuangyashan,230500,46.6461 ,131.1573 ,双鸭山,双鸭山,黑龙江,Heilongjiang Province,,,,,,,
230000 ,Heilongjiang Province,Daqing,230600,46.5876 ,125.1031 ,大庆,大庆,黑龙江,Heilongjiang Province,,,,,,,
230000 ,Heilongjiang Province,Yichun,230700,47.7275 ,128.8412 ,伊春,伊春,黑龙江,Heilongjiang Province,,,,,,,
230000 ,Heilongjiang Province,Jiamusi,230800,46.8085 ,130.3656 ,佳木斯,佳木斯,黑龙江,Heilongjiang Province,,,,,,,
230000 ,Heilongjiang Province,Qitaihe,230900,45.7713 ,131.0030 ,七台河,七台河,黑龙江,Heilongjiang Province,,,,,,,
230000 ,Heilongjiang Province,Mudanjiang,231000,44.5525 ,129.6325 ,牡丹江,牡丹江,黑龙江,Heilongjiang Province,,,,,,,
230000 ,Heilongjiang Province,Henhe,231100,50.2441 ,127.5008 ,黑河,黑河,黑龙江,Heilongjiang Province,,,,,,,
230000 ,Heilongjiang Province,Suihua,231200,46.6372 ,126.9800 ,绥化,绥化,黑龙江,Heilongjiang Province,,,,,,,
230000 ,Heilongjiang Province,Daxinganling,232700,50.4202 ,124.1272 ,大兴安岭,大兴安岭,黑龙江,Heilongjiang Province,,,,,,,
310000 ,Shanghai,Shanghai,310000,31.2304 ,121.4737 ,上海市,上海,上海,Shanghai Municipality,,,,,,,
320000 ,Jiangsu Province,Nanjing,320100,32.0415 ,118.7674 ,南京,南京,江苏,Jiangsu Province,,,,,,,
320000 ,Jiangsu Province,Wuxi,320200,31.5747 ,120.3017 ,无锡,无锡,江苏,Jiangsu Province,,,,,,,
320000 ,Jiangsu Province,Xuzhou,320300,34.2058 ,117.2841 ,徐州,徐州,江苏,Jiangsu Province,,,,,,,
320000 ,Jiangsu Province,Changzhou,320400,31.8107 ,119.9737 ,常州,常州,江苏,Jiangsu Province,,,,,,,
320000 ,Jiangsu Province,Suzhou,320500,31.2989 ,120.5853 ,苏州,苏州,江苏,Jiangsu Province,,,,,,,
320000 ,Jiangsu Province,Nantong,320600,31.9864 ,120.8937 ,南通,南通,江苏,Jiangsu Province,,,,,,,
320000 ,Jiangsu Province,Lianyungang,320700,34.5967 ,119.2225 ,连云港,连云港,江苏,Jiangsu Province,,,,,,,
320000 ,Jiangsu Province,Huaian,320800,33.6163 ,119.0226 ,淮安,淮安,江苏,Jiangsu Province,,,,,,,
320000 ,Jiangsu Province,Yancheng,320900,33.3474 ,120.1636 ,盐城,盐城,江苏,Jiangsu Province,,,,,,,
320000 ,Jiangsu Province,Yangzhou,321000,32.3936 ,119.4127 ,扬州,扬州,江苏,Jiangsu Province,,,,,,,
320000 ,Jiangsu Province,Zhenjiang,321100,32.1896 ,119.4250 ,镇江,镇江,江苏,Jiangsu Province,,,,,,,
320000 ,Jiangsu Province,Taizhou,321200,32.4907 ,119.9081 ,泰州,泰州,江苏,Jiangsu Province,,,,,,,
320000 ,Jiangsu Province,Suqian,321300,33.9632 ,118.2752 ,宿迁,宿迁,江苏,Jiangsu Province,,,,,,,
330000 ,Zhejinag Province,Hanghzou,330100,30.2481 ,120.2036 ,杭州,杭州,浙江,Zhejiang Province,,,,,,,
330000 ,Zhejinag Province,Ningbo,330200,29.8683 ,121.5440 ,宁波,宁波,浙江,Zhejiang Province,,,,,,,
330000 ,Zhejinag Province,Wenzhou,330300,27.9994 ,120.6990 ,温州,温州,浙江,Zhejiang Province,,,,,,,
330000 ,Zhejinag Province,Jiaxing,330400,30.7470 ,120.7560 ,嘉兴,嘉兴,浙江,Zhejiang Province,,,,,,,
330000 ,Zhejinag Province,Huzhou,330500,30.8930 ,120.0880 ,湖州,湖州,浙江,Zhejiang Province,,,,,,,
330000 ,Zhejinag Province,Shaoxing,330600,30.0511 ,120.5833 ,绍兴,绍兴,浙江,Zhejiang Province,,,,,,,
330000 ,Zhejinag Province,Jinhua,330700,29.1068 ,119.6490 ,金华,金华,浙江,Zhejiang Province,,,,,,,
330000 ,Zhejinag Province,Quzhou,330800,28.9701 ,118.8595 ,衢州,衢州,浙江,Zhejiang Province,,,,,,,
330000 ,Zhejinag Province,Zhoushan,330900,29.9887 ,122.2049 ,舟山,舟山,浙江,Zhejiang Province,,,,,,,
330000 ,Zhejinag Province,Taizhou,331000,28.6564 ,121.4208 ,台州,台州,浙江,Zhejiang Province,,,,,,,
330000 ,Zhejinag Province,Linshui,331100,28.4604 ,119.9250 ,丽水,丽水,浙江,Zhejiang Province,,,,,,,
340000 ,Anhui Province,Hefei,340100,31.8717 ,117.3306 ,合肥,合肥,安徽,Anhui Province,,,,,,,
340000 ,Anhui Province,Wuhu,340200,31.3500 ,118.4294 ,芜湖,芜湖,安徽,Anhui Province,,,,,,,
340000 ,Anhui Province,Bengbu,340300,32.9400 ,117.3600 ,蚌埠,蚌埠,安徽,Anhui Province,,,,,,,
340000 ,Anhui Province,Huainan,340400,32.6264 ,116.9998 ,淮南,淮南,安徽,Anhui Province,,,,,,,
340000 ,Anhui Province,Maanshan,340500,31.7000 ,118.5000 ,马鞍山,马鞍山,安徽,Anhui Province,,,,,,,
340000 ,Anhui Province,Huaibei,340600,33.9558 ,116.7983 ,淮北,淮北,安徽,Anhui Province,,,,,,,
340000 ,Anhui Province,Tongling,340700,30.9500 ,117.8167 ,铜陵,铜陵,安徽,Anhui Province,,,,,,,
340000 ,Anhui Province,Anqing,340800,30.5083 ,117.0500 ,安庆,安庆,安徽,Anhui Province,,,,,,,
340000 ,Anhui Province,Huangshan,341000,29.7219 ,118.3375 ,黄山,黄山,安徽,Anhui Province,,,,,,,
340000 ,Anhui Province,Chuzhou,341100,32.2610 ,118.3160 ,滁州,滁州,安徽,Anhui Province,,,,,,,
340000 ,Anhui Province,Fuyang,341200,32.8986 ,115.8040 ,阜阳,阜阳,安徽,Anhui Province,,,,,,,
340000 ,Anhui Province,Suzhou,341300,33.6480 ,116.9640 ,宿州,宿州,安徽,Anhui Province,,,,,,,
340000 ,Anhui Province,Chaohu,341400,31.5833 ,117.8500 ,巢湖,巢湖,安徽,Anhui Province,,,,,,,
340000 ,Anhui Province,Liuan,341500,31.7356 ,116.5170 ,六安,六安,安徽,Anhui Province,,,,,,,
340000 ,Anhui Province,Bozhou,341600,33.8463 ,115.7786 ,亳州,亳州,安徽,Anhui Province,,,,,,,
340000 ,Anhui Province,Chizhou,341700,30.6578 ,117.4831 ,池州,池州,安徽,Anhui Province,,,,,,,
340000 ,Anhui Province,Xuancheng,341800,30.9390 ,118.7590 ,宣城,宣城,安徽,Anhui Province,,,,,,,
350000 ,Fujian Province,Fuzhou,350100,26.0614 ,119.3061 ,福州,福州,福建,Fujian Province,,,,,,,
350000 ,Fujian Province,Xiamen,350200,24.4798 ,118.0894 ,厦门,厦门,福建,Fujian Province,,,,,,,
350000 ,Fujian Province,Putian,350300,25.4394 ,119.0103 ,莆田,莆田,福建,Fujian Province,,,,,,,
350000 ,Fujian Province,Sanming,350400,26.2486 ,117.6186 ,三明,三明,福建,Fujian Province,,,,,,,
350000 ,Fujian Province,Quanzhou,350500,24.8740 ,118.6758 ,泉州,泉州,福建,Fujian Province,,,,,,,
350000 ,Fujian Province,Zhangzhou,350600,24.5135 ,117.6473 ,漳州,漳州,福建,Fujian Province,,,,,,,
350000 ,Fujian Province,Nanping,350700,26.6450 ,118.1736 ,南平,南平,福建,Fujian Province,,,,,,,
350000 ,Fujian Province,Longyan,350800,25.1000 ,117.0300 ,龙岩,龙岩,福建,Fujian Province,,,,,,,
350000 ,Fujian Province,Ningde,350900,26.6617 ,119.5260 ,宁德,宁德,福建,Fujian Province,,,,,,,
360000 ,Jiangxi Province,Nanchang,360100,28.6829 ,115.8582 ,南昌,南昌,江西,Jiangxi Province,,,,,,,
360000 ,Jiangxi Province,Jingdezhen,360200,29.2917 ,117.1986 ,景德镇,景德镇,江西,Jiangxi Province,,,,,,,
360000 ,Jiangxi Province,Pingxiang,360300,27.6333 ,113.8500 ,萍乡,萍乡,江西,Jiangxi Province,,,,,,,
360000 ,Jiangxi Province,Jiujiang,360400,29.7362 ,116.0021 ,九江,九江,江西,Jiangxi Province,,,,,,,
360000 ,Jiangxi Province,Xinyu,360500,27.8186 ,114.9167 ,新余,新余,江西,Jiangxi Province,,,,,,,
360000 ,Jiangxi Province,Yingtan,360600,28.2721 ,117.0395 ,鹰潭,鹰潭,江西,Jiangxi Province,,,,,,,
360000 ,Jiangxi Province,Ganzhou,360700,25.8466 ,114.9326 ,赣州,赣州,江西,Jiangxi Province,,,,,,,
360000 ,Jiangxi Province,Jian,360800,27.1172 ,114.9793 ,吉安,吉安,江西,Jiangxi Province,,,,,,,
360000 ,Jiangxi Province,Yichun,360900,27.8193 ,114.4107 ,宜春,宜春,江西,Jiangxi Province,,,,,,,
360000 ,Jiangxi Province,Fuzhou,361000,27.9511 ,116.3530 ,抚州,抚州,江西,Jiangxi Province,,,,,,,
360000 ,Jiangxi Province,Shangrao,361100,28.4518 ,117.9429 ,上饶,上饶,江西,Jiangxi Province,,,,,,,
370000 ,Shandong Province,Jinan,370100,36.6667 ,116.9833 ,济南,济南,山东,Shandong Province,,,,,,,
370000 ,Shandong Province,Qingdao,370200,36.0661 ,120.3694 ,青岛,青岛,山东,Shandong Province,,,,,,,
370000 ,Shandong Province,Zibo,370300,36.7906 ,118.0633 ,淄博,淄博,山东,Shandong Province,,,,,,,
370000 ,Shandong Province,Zaozhuang,370400,34.8647 ,117.5536 ,枣庄,枣庄,山东,Shandong Province,,,,,,,
370000 ,Shandong Province,Dongying,370500,37.4500 ,118.4833 ,东营,东营,山东,Shandong Province,,,,,,,
370000 ,Shandong Province,Yantai,370600,37.4765 ,121.4408 ,烟台,烟台,山东,Shandong Province,,,,,,,
370000 ,Shandong Province,Weifang,370700,36.7068 ,119.1618 ,潍坊,潍坊,山东,Shandong Province,,,,,,,
370000 ,Shandong Province,Jining,370800,35.4050 ,116.5814 ,济宁,济宁,山东,Shandong Province,,,,,,,
370000 ,Shandong Province,Taian,370900,36.1853 ,117.1200 ,泰安,泰安,山东,Shandong Province,,,,,,,
370000 ,Shandong Province,Weihai,371000,37.5091 ,122.1136 ,威海,威海,山东,Shandong Province,,,,,,,
370000 ,Shandong Province,Rizhao,371100,35.4275 ,119.5456 ,日照,日照,山东,Shandong Province,,,,,,,
370000 ,Shandong Province,Laiwu,371200,36.2825 ,117.6569 ,莱芜,莱芜,山东,Shandong Province,,,,,,,
370000 ,Shandong Province,Linyi,371300,35.0631 ,118.3422 ,临沂,临沂,山东,Shandong Province,,,,,,,
370000 ,Shandong Province,Dezhou,371400,37.4333 ,116.2667 ,德州,德州,山东,Shandong Province,,,,,,,
370000 ,Shandong Province,Liaocheng,371500,36.4560 ,115.9833 ,聊城,聊城,山东,Shandong Province,,,,,,,
370000 ,Shandong Province,Zhangzhou,371600,36.8000 ,118.0500 ,滨州,滨州,山东,Shandong Province,,,,,,,
370000 ,Shandong Province,Heze,371700,35.2333 ,115.4333 ,菏泽,菏泽,山东,Shandong Province,,,,,,,
410000 ,Henan Province,Zhengzhou,410100,34.7466 ,113.6254 ,郑州,郑州,河南,Henan Province,,,,,,,
410000 ,Henan Province,Kaifeng,410200,34.7973 ,114.3076 ,开封,开封,河南,Henan Province,,,,,,,
410000 ,Henan Province,Luoyang,410300,34.6186 ,112.4536 ,洛阳,洛阳,河南,Henan Province,,,,,,,
410000 ,Henan Province,Pingdingshan,410400,33.7661 ,113.1927 ,平顶山,平顶山,河南,Henan Province,,,,,,,
410000 ,Henan Province,Anyang,410500,36.0976 ,114.3924 ,安阳,安阳,河南,Henan Province,,,,,,,
410000 ,Henan Province,Hebi,410600,35.7470 ,114.2975 ,鹤壁,鹤壁,河南,Henan Province,,,,,,,
410000 ,Henan Province,Xinxiang,410700,35.3027 ,113.8830 ,新乡,新乡,河南,Henan Province,,,,,,,
410000 ,Henan Province,Jiaozhuo,410800,35.2390 ,113.2332 ,焦作,焦作,河南,Henan Province,,,,,,,
410000 ,Henan Province,Puyang,410900,35.7619 ,115.0292 ,濮阳,濮阳,河南,Henan Province,,,,,,,
410000 ,Henan Province,Xuchang,411000,34.0356 ,113.8523 ,许昌,许昌,河南,Henan Province,,,,,,,
410000 ,Henan Province,Luohe,411100,33.5815 ,114.0109 ,漯河,漯河,河南,Henan Province,,,,,,,
410000 ,Henan Province,Sanmenxia,411200,34.7770 ,111.2003 ,三门峡,三门峡,河南,Henan Province,,,,,,,
410000 ,Henan Province,Nanyang,411300,32.9908 ,112.5283 ,南阳,南阳,河南,Henan Province,,,,,,,
410000 ,Henan Province,Shangqiu,411400,34.4500 ,115.6500 ,商丘,商丘,河南,Henan Province,,,,,,,
410000 ,Henan Province,Xinyang,411500,32.1226 ,114.0652 ,信阳,信阳,河南,Henan Province,,,,,,,
410000 ,Henan Province,Zhoukou,411600,33.6258 ,114.6418 ,周口,周口,河南,Henan Province,,,,,,,
410000 ,Henan Province,Zhumadian,411700,32.9794 ,114.0291 ,驻马店,驻马店,河南,Henan Province,,,,,,,
410000 ,Henan Province,Qiyuan,419001,35.0671 ,112.6027 ,济源,济源,河南,Henan Province,,,,,,,
420000 ,Hubei Province,Wuhan,420100,30.5833 ,114.2833 ,武汉,武汉,湖北,Hubei Province,,,,,,,
420000 ,Hubei Province,Huangshi,420200,30.2471 ,115.0481 ,黄石,黄石,湖北,Hubei Province,,,,,,,
420000 ,Hubei Province,Shiyan,420300,32.6475 ,110.7781 ,十堰,十堰,湖北,Hubei Province,,,,,,,
420000 ,Hubei Province,Yichang,420500,30.7144 ,111.2847 ,宜昌,宜昌,湖北,Hubei Province,,,,,,,
420000 ,Hubei Province,Ezhou,420700,30.4,114.8333,鄂州,鄂州,湖北,Hubei Province,,,,,,,
420000 ,Hubei Province,Jinmen,420800,31.0336,112.2047,荆门,荆门,湖北,Hubei Province,,,,,,,
420000 ,Hubei Province,Xiaogan,420900,30.9167,113.95,孝感,孝感,湖北,Hubei Province,,,,,,,
420000 ,Hubei Province,Jinzhou,421000,30.3503,112.2397,荆州,荆州,湖北,Hubei Province,,,,,,,
420000 ,Hubei Province,Huanggang,421100,30.45,114.8667,黄冈,黄冈,湖北,Hubei Province,,,,,,,
420000 ,Hubei Province,Xianning,421200,29.8833,114.2167,咸宁,咸宁,湖北,Hubei Province,,,,,,,
420000 ,Hubei Province,Suizhou,421300,31.7111,113.3631,随州,随州,湖北,Hubei Province,,,,,,,
420000 ,Hubei Province,Xiantao,429004,30.3833,113.4,仙桃,仙桃,湖北,Hubei Province,,,,,,,
420000 ,Hubei Province,Qianjiang,429005,30.421,112.8919,潜江,潜江,湖北,Hubei Province,,,,,,,
420000 ,Hubei Province,Tianmen,429006,30.6633,113.1661,天门,天门,湖北,Hubei Province,,,,,,,
420000 ,Hubei Province,Xiangmen,420600,30.3625 ,113.4545 ,仙桃市,仙桃,湖北,Hubei Province,,,,,,,
420000 ,Hubei Province,Eshizhou,422800,30.2722,109.488,恩施土家族苗族自治州,恩施,湖北,Hubei Province,,,,,,,
420000 ,Hubei Province,Shennong,429021,31.7438,110.6758,神农架林区,神农,湖北,Hubei Province,,,,,,,
430000 ,Hunan Province,Changsha,430100,28.1792 ,113.1136 ,长沙,长沙,湖南,Hunan Province,,,,,,,
430000 ,Hunan Province,Zhuzhou,430200,27.7000 ,113.1333 ,株洲,株洲,湖南,Hunan Province,,,,,,,
430000 ,Hunan Province,Xiangtan,430300,27.8500 ,112.9000 ,湘潭,湘潭,湖南,Hunan Province,,,,,,,
430000 ,Hunan Province,Hengyang,430400,26.8881 ,112.6150 ,衡阳,衡阳,湖南,Hunan Province,,,,,,,
430000 ,Hunan Province,Shaoyang,430500,27.2500 ,111.4667 ,邵阳,邵阳,湖南,Hunan Province,,,,,,,
430000 ,Hunan Province,Yueyang,430600,29.3746 ,113.0948 ,岳阳,岳阳,湖南,Hunan Province,,,,,,,
430000 ,Hunan Province,Changde,430700,29.0333 ,111.6833 ,常德,常德,湖南,Hunan Province,,,,,,,
430000 ,Hunan Province,Zhangjiajie ,430800,29.1294 ,110.4789 ,张家界,张家界,湖南,Hunan Province,,,,,,,
430000 ,Hunan Province,Yiyang,430900,28.5892 ,112.3333 ,益阳,益阳,湖南,Hunan Province,,,,,,,
430000 ,Hunan Province,Chenzhou,431000,25.8000 ,113.0333 ,郴州,郴州,湖南,Hunan Province,,,,,,,
430000 ,Hunan Province,Yongzhou,431100,26.2167 ,111.6167 ,永州,永州,湖南,Hunan Province,,,,,,,
430000 ,Hunan Province,Huaihua,431200,27.5494 ,109.9592 ,怀化,怀化,湖南,Hunan Province,,,,,,,
430000 ,Hunan Province,Loudi,431300,27.7344 ,111.9994 ,娄底,娄底,湖南,Hunan Province,,,,,,,
430000 ,Hunan Province,Xiangxi ,433100,28.7057 ,109.7333 ,湘西土家族苗族自治州,湘西,湖南,Hunan Province,,,,,,,
440000 ,Guangdong Province,Guangzhou,440100,23.1167 ,113.2500 ,广州,广州,广东,Guangdong Province,,,,,,,
440000 ,Guangdong Province,Shaoguan,440200,24.8000 ,113.5833 ,韶关,韶关,广东,Guangdong Province,,,,,,,
440000 ,Guangdong Province,Shenzhen,440300,22.5455 ,114.0683 ,深圳,深圳,广东,Guangdong Province,,,,,,,
440000 ,Guangdong Province,Zhuhai,440400,22.2769 ,113.5678 ,珠海,珠海,广东,Guangdong Province,,,,,,,
440000 ,Guangdong Province,Shantou,440500,23.3667 ,116.7167 ,汕头,汕头,广东,Guangdong Province,,,,,,,
440000 ,Guangdong Province,Foshan,440600,23.0333 ,113.1167 ,佛山,佛山,广东,Guangdong Province,,,,,,,
440000 ,Guangdong Province,Jiangmen,440700,22.5833 ,113.0833 ,江门,江门,广东,Guangdong Province,,,,,,,
440000 ,Guangdong Province,Zhanjiang,440800,21.2000 ,110.3833 ,湛江,湛江,广东,Guangdong Province,,,,,,,
440000 ,Guangdong Province,Maoming,440900,21.6667 ,110.9333 ,茂名,茂名,广东,Guangdong Province,,,,,,,
440000 ,Guangdong Province,Zhaoqing,441200,23.0500 ,112.4667 ,肇庆,肇庆,广东,Guangdong Province,,,,,,,
440000 ,Guangdong Province,Huizhou,441300,23.1167 ,114.4167 ,惠州,惠州,广东,Guangdong Province,,,,,,,
440000 ,Guangdong Province,Meizhou,441400,24.3000 ,116.1167 ,梅州,梅州,广东,Guangdong Province,,,,,,,
440000 ,Guangdong Province,Shanwei,441500,22.7833 ,115.3500 ,汕尾,汕尾,广东,Guangdong Province,,,,,,,
440000 ,Guangdong Province,Heyuan,441600,23.7333 ,114.6833 ,河源,河源,广东,Guangdong Province,,,,,,,
440000 ,Guangdong Province,Yangjiang,441700,21.8500 ,111.9667 ,阳江,阳江,广东,Guangdong Province,,,,,,,
440000 ,Guangdong Province,Qingyuan,441800,23.7000 ,113.0333 ,清远,清远,广东,Guangdong Province,,,,,,,
440000 ,Guangdong Province,Dongguan,441900,23.0200 ,113.7500 ,东莞,东莞,广东,Guangdong Province,,,,,,,
440000 ,Guangdong Province,Zhongshan,442000,22.5167 ,113.3833 ,中山,中山,广东,Guangdong Province,,,,,,,
440000 ,Guangdong Province,Chaozhou,445100,23.6667 ,116.6333 ,潮州,潮州,广东,Guangdong Province,,,,,,,
440000 ,Guangdong Province,Xieyang,445200,23.5500 ,116.3667 ,揭阳,揭阳,广东,Guangdong Province,,,,,,,
440000 ,Guangdong Province,Yunfu,445300,22.9333 ,112.0333 ,云浮,云浮,广东,Guangdong Province,,,,,,,
450000 ,How's the Guangxi Zhuang Autonomous Region,Nanning,450100,22.8167 ,108.3167 ,南宁,南宁,广西,Guangxi Zhuang Autonomous Region,,,,,,,
450000 ,How's the Guangxi Zhuang Autonomous Region,Liuzhou,450200,24.3167 ,109.3833 ,柳州,柳州,广西,Guangxi Zhuang Autonomous Region,,,,,,,
450000 ,How's the Guangxi Zhuang Autonomous Region,Guilin,450300,25.2819 ,110.2864 ,桂林,桂林,广西,Guangxi Zhuang Autonomous Region,,,,,,,
450000 ,How's the Guangxi Zhuang Autonomous Region,Wuzhou,450400,23.4833 ,111.3167 ,梧州,梧州,广西,Guangxi Zhuang Autonomous Region,,,,,,,
450000 ,How's the Guangxi Zhuang Autonomous Region,Beihai,450500,21.4667 ,109.1000 ,北海,北海,广西,Guangxi Zhuang Autonomous Region,,,,,,,
450000 ,How's the Guangxi Zhuang Autonomous Region,Fangchenggang,450600,21.7695 ,108.3561 ,防城港,防城港,广西,Guangxi Zhuang Autonomous Region,,,,,,,
450000 ,How's the Guangxi Zhuang Autonomous Region,Qinzhou,450700,21.9730 ,108.6261 ,钦州,钦州,广西,Guangxi Zhuang Autonomous Region,,,,,,,
450000 ,How's the Guangxi Zhuang Autonomous Region,Guigang,450800,23.0964 ,109.6092 ,贵港,贵港,广西,Guangxi Zhuang Autonomous Region,,,,,,,
450000 ,How's the Guangxi Zhuang Autonomous Region,Yulin,450900,22.6333 ,110.1500 ,玉林,玉林,广西,Guangxi Zhuang Autonomous Region,,,,,,,
450000 ,How's the Guangxi Zhuang Autonomous Region,Baise,451000,23.9000 ,106.6167 ,百色,百色,广西,Guangxi Zhuang Autonomous Region,,,,,,,
450000 ,How's the Guangxi Zhuang Autonomous Region,Hezhou,451100,24.4036 ,111.5667 ,贺州,贺州,广西,Guangxi Zhuang Autonomous Region,,,,,,,
450000 ,How's the Guangxi Zhuang Autonomous Region,Hechi,451200,24.7000 ,108.0833 ,河池,河池,广西,Guangxi Zhuang Autonomous Region,,,,,,,
450000 ,How's the Guangxi Zhuang Autonomous Region,Laibin,451300,23.7000 ,109.2667 ,来宾,来宾,广西,Guangxi Zhuang Autonomous Region,,,,,,,
450000 ,How's the Guangxi Zhuang Autonomous Region,Chongzuo,451400,22.3773 ,107.3651 ,崇左,崇左,广西,Guangxi Zhuang Autonomous Region,,,,,,,
460000 ,Hainan Province,Haikou,460100,20.0458 ,110.3417 ,海口,海口,海南,Hainan Province,,,,,,,
460000 ,Hainan Province,Sanya,460200,18.2431 ,109.5050 ,三亚,三亚,海南,Hainan Province,,,,,,,
460000 ,Hainan Province,Sansha,460300,16.8339 ,112.3344 ,三沙,三沙,海南,Hainan Province,,,,,,,
460000 ,Hainan Province,Wuzhi,469001,18.7751 ,109.5169 ,五指山,五指山,海南,Hainan Province,,,,,,,
460000 ,Hainan Province,Qiuhai,469002,19.2592 ,110.4703 ,琼海,琼海,海南,Hainan Province,,,,,,,
460000 ,Hainan Province,Danzhou,469003,19.5211 ,109.5808 ,儋州,儋州,海南,Hainan Province,,,,,,,
460000 ,Hainan Province,Wenchang,469005,19.6270 ,110.7300 ,文昌,文昌,海南,Hainan Province,,,,,,,
460000 ,Hainan Province,Wanning,469006,18.8378 ,110.2875 ,万宁,万宁,海南,Hainan Province,,,,,,,
460000 ,Hainan Province,Dongfang,469007,19.0530 ,108.9310 ,东方,东方,海南,Hainan Province,,,,,,,
460000 ,Hainan Province,Dingan,469021,19.6980 ,110.3519 ,定安,定安,海南,Hainan Province,,,,,,,
460000 ,Hainan Province,Tunchang,469022,19.3633 ,110.0978 ,屯昌,屯昌,海南,Hainan Province,,,,,,,
460000 ,Hainan Province,Chengmai,469023,19.7519 ,110.0158 ,澄迈,澄迈,海南,Hainan Province,,,,,,,
460000 ,Hainan Province,Lingao,469024,19.9500 ,109.6850 ,临高,临高,海南,Hainan Province,,,,,,,
460000 ,Hainan Province,Baisha,469025,19.2269 ,109.4631 ,白沙,白沙,海南,Hainan Province,,,,,,,
460000 ,Hainan Province,Changjiang,469026,19.3660 ,109.0421 ,昌江,昌江,海南,Hainan Province,,,,,,,
460000 ,Hainan Province,Ledong,469027,18.7333 ,109.1667 ,乐东,乐东,海南,Hainan Province,,,,,,,
460000 ,Hainan Province,Lingshui,469028,18.5417 ,110.0333 ,陵水,陵水,海南,Hainan Province,,,,,,,
460000 ,Hainan Province,Baoting,469029,18.6367 ,109.7000 ,保亭,保亭,海南,Hainan Province,,,,,,,
460000 ,Hainan Province,Qiongzhou,469030,19.0333 ,109.8333 ,琼中,琼中,海南,Hainan Province,,,,,,,
500000 ,Chongqing,Chongqing,500000,29.5628 ,106.5528 ,重庆,重庆,重庆,Chongqing Municipality,,,,,,,
510000 ,Sichhuan Province,Chengdu,510100,30.5728 ,104.0668 ,成都,成都,四川,Sichuan Province,,,,,,,
510000 ,Sichhuan Province,Zigong,510300,29.4000 ,104.7833 ,自贡,自贡,四川,Sichuan Province,,,,,,,
510000 ,Sichhuan Province,Panzhihua,510400,26.5824 ,101.7184 ,攀枝花,攀枝花,四川,Sichuan Province,,,,,,,
510000 ,Sichhuan Province,Luzhou,510500,28.8828 ,105.4420 ,泸州,泸州,四川,Sichuan Province,,,,,,,
510000 ,Sichhuan Province,Deyang,510600,31.1302 ,104.3819 ,德阳,德阳,四川,Sichuan Province,,,,,,,
510000 ,Sichhuan Province,Mianyang,510700,31.4678 ,104.6796 ,绵阳,绵阳,四川,Sichuan Province,,,,,,,
510000 ,Sichhuan Province,Guangyuan,510800,32.4420 ,105.8230 ,广元,广元,四川,Sichuan Province,,,,,,,
510000 ,Sichhuan Province,Suining,510900,30.5080 ,105.5330 ,遂宁,遂宁,四川,Sichuan Province,,,,,,,
510000 ,Sichhuan Province,Neijiang,511000,29.5833 ,105.0667 ,内江,内江,四川,Sichuan Province,,,,,,,
510000 ,Sichhuan Province,Leshan,511100,29.5623 ,103.7639 ,乐山,乐山,四川,Sichuan Province,,,,,,,
510000 ,Sichhuan Province,Nanchong,511300,30.7951 ,106.0847 ,南充,南充,四川,Sichuan Province,,,,,,,
510000 ,Sichhuan Province,Meishan,511400,30.0754 ,103.8485 ,眉山,眉山,四川,Sichuan Province,,,,,,,
510000 ,Sichhuan Province,Yibin,511500,28.7667 ,104.6238 ,宜宾,宜宾,四川,Sichuan Province,,,,,,,
510000 ,Sichhuan Province,Guangan,511600,30.4833 ,106.6333 ,广安,广安,四川,Sichuan Province,,,,,,,
510000 ,Sichhuan Province,Dazhou,511700,31.2160 ,107.5000 ,达州,达州,四川,Sichuan Province,,,,,,,
510000 ,Sichhuan Province,Yaan,511800,29.9805 ,103.0133 ,雅安,雅安,四川,Sichuan Province,,,,,,,
510000 ,Sichhuan Province,Bazhong,511900,31.8679 ,106.7475 ,巴中,巴中,四川,Sichuan Province,,,,,,,
510000 ,Sichhuan Province,Ziyang,512000,30.1289 ,104.6276 ,资阳,资阳,四川,Sichuan Province,,,,,,,
510000 ,Sichhuan Province,Aba,513200,31.8994 ,102.2247 ,阿坝,阿坝,四川,Sichuan Province,,,,,,,
510000 ,Sichhuan Province,Ganzi,513300,31.6274 ,99.9930 ,甘孜,甘孜,四川,Sichuan Province,,,,,,,
510000 ,Sichhuan Province,Liangshan,513400,27.8816 ,102.2673 ,凉山,凉山,四川,Sichuan Province,,,,,,,
520000 ,Guizhou Province,Guiyang,520100,26.6470 ,106.6300 ,贵阳,贵阳,贵州,Guizhou Province,,,,,,,
520000 ,Guizhou Province,Liupanshui,520200,26.5930 ,104.8300 ,六盘水,六盘水,贵州,Guizhou Province,,,,,,,
520000 ,Guizhou Province,Zunyi,520300,27.7285 ,106.9263 ,遵义,遵义,贵州,Guizhou Province,,,,,,,
520000 ,Guizhou Province,Anshun,520400,26.2455 ,105.9340 ,安顺,安顺,贵州,Guizhou Province,,,,,,,
520000 ,Guizhou Province,Bijie,520500,27.3017 ,105.2863 ,毕节,毕节,贵州,Guizhou Province,,,,,,,
520000 ,Guizhou Province,Tongren,520600,27.7172 ,109.1870 ,铜仁,铜仁,贵州,Guizhou Province,,,,,,,
520000 ,Guizhou Province,Tongren,522200,27.7172 ,109.1853 ,铜仁,铜仁,贵州,Guizhou Province,,,,,,,
520000 ,Guizhou Province,Qianxinan,522300,25.0917 ,104.8955 ,黔西南,黔西南,贵州,Guizhou Province,,,,,,,
520000 ,Guizhou Province,Bijie,522400,27.3125 ,105.2942 ,毕节,毕节,贵州,Guizhou Province,,,,,,,
520000 ,Guizhou Province,Qiandongnan,522600,26.5830 ,107.9846 ,黔东南,黔东南,贵州,Guizhou Province,,,,,,,
520000 ,Guizhou Province,Qiannan,522700,26.2543 ,107.5211 ,黔南,黔南,贵州,Guizhou Province,,,,,,,
530000 ,Yunnan Province,Kunming,530100,25.0433 ,102.7061 ,昆明,昆明,云南,Yunnan Province,,,,,,,
530000 ,Yunnan Province,Qujing,530300,25.4900 ,103.7960 ,曲靖,曲靖,云南,Yunnan Province,,,,,,,
530000 ,Yunnan Province,Yuxi,530400,24.3518 ,102.5439 ,玉溪,玉溪,云南,Yunnan Province,,,,,,,
530000 ,Yunnan Province,Baoshan,530500,25.1120 ,99.1610 ,保山,保山,云南,Yunnan Province,,,,,,,
530000 ,Yunnan Province,Shaotong,530600,27.3382 ,103.7172 ,昭通,昭通,云南,Yunnan Province,,,,,,,
530000 ,Yunnan Province,Lijiang,530700,26.8651 ,100.2293 ,丽江,丽江,云南,Yunnan Province,,,,,,,
530000 ,Yunnan Province,Puer,530800,22.8252 ,100.9665 ,普洱,普洱,云南,Yunnan Province,,,,,,,
530000 ,Yunnan Province,Lincang,530900,23.8835 ,100.0888 ,临沧,临沧,云南,Yunnan Province,,,,,,,
530000 ,Yunnan Province,Chuxiong,532300,25.0450 ,101.5281 ,楚雄彝族自治州,楚雄,云南,Yunnan Province,,,,,,,
530000 ,Yunnan Province,Honghe,532500,23.3660 ,103.3842 ,红河哈尼族彝族自治州,红河,云南,Yunnan Province,,,,,,,
530000 ,Yunnan Province,Wenshan,532600,23.3690 ,104.2500 ,文山壮族苗族自治州,文山,云南,Yunnan Province,,,,,,,
530000 ,Yunnan Province,Xishuangbanna,532800,21.9730 ,100.4498 ,西双版纳傣族自治州,西双版,云南,Yunnan Province,,,,,,,
530000 ,Yunnan Province,Dali,532900,25.6065 ,100.2676 ,大理白族自治州,大理,云南,Yunnan Province,,,,,,,
530000 ,Yunnan Province,Dehong,533100,24.4367 ,98.5886 ,德宏傣族景颇族自治州,德宏,云南,Yunnan Province,,,,,,,
530000 ,Yunnan Province,Nujiiang,533300,25.8500 ,98.8500 ,怒江傈僳族自治州,怒江,云南,Yunnan Province,,,,,,,
530000 ,Yunnan Province,Diqing,533400,27.8250 ,99.7078 ,迪庆藏族自治州,迪庆,云南,Yunnan Province,,,,,,,
540000 ,Tibet Autonomous Region,Lasa,540100,29.6525 ,91.1721 ,拉萨,拉萨,西藏,Tibet Autonomous Region,,,,,,,
540000 ,Tibet Autonomous Region,Changdu,542100,31.1667 ,97.2167 ,昌都,昌都,西藏,Tibet Autonomous Region,,,,,,,
540000 ,Tibet Autonomous Region,Shannan,542200,29.2406 ,91.7741 ,山南,山南,西藏,Tibet Autonomous Region,,,,,,,
540000 ,Tibet Autonomous Region,Rikaze,542300,29.2669 ,88.8806 ,日喀则,日喀则,西藏,Tibet Autonomous Region,,,,,,,
540000 ,Tibet Autonomous Region,Naqu,542400,31.4762 ,92.0512 ,那曲,那曲,西藏,Tibet Autonomous Region,,,,,,,
540000 ,Tibet Autonomous Region,Ali,542500,32.5132 ,80.0979 ,阿里,阿里,西藏,Tibet Autonomous Region,,,,,,,
540000 ,Tibet Autonomous Region,Linzhi,542600,29.5729 ,94.4837 ,林芝,林芝,西藏,Tibet Autonomous Region,,,,,,,
610000 ,Shanxi Province,Xian,610100,34.2743 ,108.8892 ,西安,西安,陝西,Shaanxi Province,,,,,,,
610000 ,Shanxi Province,Tongchuan,610200,35.0806 ,109.0350 ,銅川,銅川,陝西,Shaanxi Province,,,,,,,
610000 ,Shanxi Province,Baoji,610300,34.3619 ,107.2370 ,宝鶏,宝鶏,陝西,Shaanxi Province,,,,,,,
610000 ,Shanxi Province,Xianyang,610400,34.3296 ,108.7090 ,咸陽,咸陽,陝西,Shaanxi Province,,,,,,,
610000 ,Shanxi Province,Weinan,610500,34.4990 ,109.5090 ,渭南,渭南,陝西,Shaanxi Province,,,,,,,
610000 ,Shanxi Province,Yanan,610600,36.5965 ,109.4890 ,延安,延安,陝西,Shaanxi Province,,,,,,,
610000 ,Shanxi Province,Hanzhong,610700,33.0675 ,107.0238 ,漢中,漢中,陝西,Shaanxi Province,,,,,,,
610000 ,Shanxi Province,Yulin,610800,38.2854 ,109.7416 ,榆林,榆林,陝西,Shaanxi Province,,,,,,,
610000 ,Shanxi Province,Ankang,610900,32.6847 ,109.0290 ,安康,安康,陝西,Shaanxi Province,,,,,,,
610000 ,Shanxi Province,Shangluo,611000,33.8690 ,109.9400 ,商洛,商洛,陝西,Shaanxi Province,,,,,,,
620000 ,Gansu Province,Lanzhou,620100,36.0570 ,103.8288 ,兰州,兰州,甘肃,Gansu Province,,,,,,,
620000 ,Gansu Province,Jiayugu,620200,39.8167 ,98.3000 ,嘉峪关,嘉峪关,甘肃,Gansu Province,,,,,,,
620000 ,Gansu Province,Jinchang,620300,38.4953 ,102.1739 ,金昌,金昌,甘肃,Gansu Province,,,,,,,
620000 ,Gansu Province,Baiying,620400,36.5469 ,104.1380 ,白银,白银,甘肃,Gansu Province,,,,,,,
620000 ,Gansu Province,Tianshui,620500,34.5815 ,105.7248 ,天水,天水,甘肃,Gansu Province,,,,,,,
620000 ,Gansu Province,Wuwei,620600,37.9267 ,102.6380 ,武威,武威,甘肃,Gansu Province,,,,,,,
620000 ,Gansu Province,Zangye,620700,38.9333 ,100.4500 ,张掖,张掖,甘肃,Gansu Province,,,,,,,
620000 ,Gansu Province,Pingliang,620800,35.5333 ,106.6833 ,平凉,平凉,甘肃,Gansu Province,,,,,,,
620000 ,Gansu Province,Jiuquan,620900,39.7432 ,98.5174 ,酒泉,酒泉,甘肃,Gansu Province,,,,,,,
620000 ,Gansu Province,Qingyang,621000,35.7382 ,107.6315 ,庆阳,庆阳,甘肃,Gansu Province,,,,,,,
620000 ,Gansu Province,Dingxi,621100,35.5750 ,104.6224 ,定西,定西,甘肃,Gansu Province,,,,,,,
620000 ,Gansu Province,Longnan,621200,33.3907 ,104.9170 ,陇南,陇南,甘肃,Gansu Province,,,,,,,
620000 ,Gansu Province,Linxia,622900,35.6012 ,103.2105 ,临夏,临夏,甘肃,Gansu Province,,,,,,,
620000 ,Gansu Province,Gannan,623000,34.9834 ,102.9110 ,甘南,甘南,甘肃,Gansu Province,,,,,,,
630000 ,Qinghai Province,Xining,630100,36.6255 ,101.7574 ,西宁,西宁,青海,Qinghai Province,,,,,,,
630000 ,Qinghai Province,Haidong,632100,36.5020 ,102.1043 ,海东,海东,青海,Qinghai Province,,,,,,,
630000 ,Qinghai Province,Haibei,632200,36.9595 ,100.9071 ,海北藏族自治州,海北,青海,Qinghai Province,,,,,,,
630000 ,Qinghai Province,Guoluo,632600,34.48,100.244,果洛藏族自治州,果洛,青海,Qinghai Province,,,,,,,
630000 ,Qinghai Province,Huangnanzhou,632300,35.5196,102.0156,黄南藏族自治州,黄南藏,青海,Qinghai Province,,,,,,,
630000 ,Qinghai Province,Hainanzhou,632500,36.2807,100.6204,海南藏族自治州,海南藏,青海,Qinghai Province,,,,,,,
630000 ,Qinghai Province,Yushuzhou,632700,33.0021,97.0065,玉树藏族自治州,玉树藏,青海,Qinghai Province,,,,,,,
630000 ,Qinghai Province,Haixizhou,632800,37.3631,97.3771,海西蒙古族藏族自治州,海西蒙,青海,Qinghai Province,,,,,,,
640000 ,Ningxia Hui Autonomous Region,Yinchuan,640100,38.4681 ,106.2736 ,银川,银川,宁夏回族自治区,Ningxia Hui Autonomous Region,,,,,,,
640000 ,Ningxia Hui Autonomous Region,Shizuishan,640200,39.2333 ,106.7694 ,石嘴山,石嘴山,宁夏回族自治区,Ningxia Hui Autonomous Region,,,,,,,
640000 ,Ningxia Hui Autonomous Region,Wuzhong,640300,37.9975 ,106.1984 ,吴忠,吴忠,宁夏回族自治区,Ningxia Hui Autonomous Region,,,,,,,
640000 ,Ningxia Hui Autonomous Region,Guyuan,640400,36.0159 ,106.2426 ,固原,固原,宁夏回族自治区,Ningxia Hui Autonomous Region,,,,,,,
640000 ,Ningxia Hui Autonomous Region,Zhongwei,640500,37.4999 ,105.1969 ,中卫,中卫,宁夏回族自治区,Ningxia Hui Autonomous Region,,,,,,,
650000 ,Xinjiang Uygur Autonomous Region,Wulumuqi,650100,43.8256 ,87.6169 ,乌鲁木齐市,乌鲁木齐,新疆维吾尔自治区,Xinjiang Uygur Autonomous Region,,,,,,,
650000 ,Xinjiang Uygur Autonomous Region,Kelamayi,650200,45.5799 ,84.8892 ,克拉玛依市,克拉玛依,新疆维吾尔自治区,Xinjiang Uygur Autonomous Region,,,,,,,
650000 ,Xinjiang Uygur Autonomous Region,Tulufan,652100,42.9513 ,89.1890 ,吐鲁番市,吐鲁番,新疆维吾尔自治区,Xinjiang Uygur Autonomous Region,,,,,,,
650000 ,Xinjiang Uygur Autonomous Region,Hami,652200,42.8185 ,93.5150 ,哈密市,哈密,新疆维吾尔自治区,Xinjiang Uygur Autonomous Region,,,,,,,
650000 ,Xinjiang Uygur Autonomous Region,Changji,652300,44.0071 ,87.3046 ,昌吉回族自治州,昌吉,新疆维吾尔自治区,Xinjiang Uygur Autonomous Region,,,,,,,
650000 ,Xinjiang Uygur Autonomous Region,Boertala,652700,44.9057 ,82.0666 ,博尔塔拉蒙古自治州,博尔塔拉,新疆维吾尔自治区,Xinjiang Uygur Autonomous Region,,,,,,,
650000 ,Xinjiang Uygur Autonomous Region,Bayinguoleng,652800,41.7686 ,86.1459 ,巴音郭楞蒙古自治州,巴音郭楞,新疆维吾尔自治区,Xinjiang Uygur Autonomous Region,,,,,,,
650000 ,Xinjiang Uygur Autonomous Region,Akese,652900,41.1717 ,80.2698 ,阿克苏地区,阿克苏,新疆维吾尔自治区,Xinjiang Uygur Autonomous Region,,,,,,,
650000 ,Xinjiang Uygur Autonomous Region,Kashi,653100,39.4704 ,75.9898 ,喀什地区,喀什,新疆维吾尔自治区,Xinjiang Uygur Autonomous Region,,,,,,,
650000 ,Xinjiang Uygur Autonomous Region,Hetian,653200,37.1143 ,79.9222 ,和田地区,和田,新疆维吾尔自治区,Xinjiang Uygur Autonomous Region,,,,,,,
650000 ,Xinjiang Uygur Autonomous Region,Yili,654000,43.9228 ,81.3245 ,伊犁哈萨克自治州,伊犁,新疆维吾尔自治区,Xinjiang Uygur Autonomous Region,,,,,,,
650000 ,Xinjiang Uygur Autonomous Region,Tacheng,654200,46.7453 ,82.9805 ,塔城地区,塔城,新疆维吾尔自治区,Xinjiang Uygur Autonomous Region,,,,,,,
650000 ,Xinjiang Uygur Autonomous Region,Aleke,654300,47.8480 ,88.1396 ,阿勒泰地区,阿勒,新疆维吾尔自治区,Xinjiang Uygur Autonomous Region,,,,,,,
650000 ,Xinjiang Uygur Autonomous Region,Kezi,653000,39.4704 ,75.9898 ,克孜勒苏柯尔克孜自治州,克孜,新疆维吾尔自治区,Xinjiang Uygur Autonomous Region,,,,,,,
650000 ,Xinjiang Uygur Autonomous Region,Wujia,659000,44.2000 ,87.5500 ,五家渠市,五家,新疆维吾尔自治区,Xinjiang Uygur Autonomous Region,,,,,,,
650000 ,Xinjiang Uygur Autonomous Region,Heshi,659001,40.5419 ,82.9471 ,石河子市,石河,新疆维吾尔自治区,Xinjiang Uygur Autonomous Region,,,,,,,
650000 ,Xinjiang Uygur Autonomous Region,Tumu,659003,39.8676 ,79.0690 ,图木舒克市,图木,新疆维吾尔自治区,Xinjiang Uygur Autonomous Region,,,,,,,
810000 ,Hong Kong Special Administrative Region ,Hong Kong,810000,22.3027 ,114.1772 ,香港,香港,香港特別行政區,Hong Kong Special Administrative Region,,,,,,,
820000 ,Macao Special Administrative Region,Macao,820000,22.2109 ,113.5530 ,澳門,澳門,門特別行政區,Macao Special Administrative Region,,,,,,,
710000 ,Taiwan,Taiwan,710000,23.6978 ,120.9605 ,台湾,台湾,台湾省,Taiwan Province,,,,,,,
